-- =====================================================================
-- Ebeid reference tenant (مزارع عبيد) — Farm OS MVP-0 seed
-- Real figures (build spec §9 / Nov-2025 palm registry: 4,380 برحي / 299 ذكور / 28 حوش).
-- Deliberately reproduces the potassium-sulfate shortage (on_hand 300 vs need 500,
-- 5-day lead) and the أسمدة budget breach. NO fabricated numbers.
-- Idempotent-ish: runs on a fresh `supabase db reset`.
-- =====================================================================

set session_replication_role = replica;  -- skip audit triggers during bulk seed

-- auth.users for the 6 members (phone-OTP identities; passwords irrelevant for the pilot).
insert into auth.users (id, instance_id, aud, role, phone, phone_confirmed_at, created_at, updated_at, raw_app_meta_data, raw_user_meta_data) values ('c6f9a7f6-3bbe-5d90-906f-d55d5ff42da2','00000000-0000-0000-0000-000000000000','authenticated','authenticated','+201000000001', now(), now(), now(), '{"provider":"phone"}'::jsonb, '{"name":"عمرو عبيد"}'::jsonb) on conflict (id) do nothing;
insert into auth.users (id, instance_id, aud, role, phone, phone_confirmed_at, created_at, updated_at, raw_app_meta_data, raw_user_meta_data) values ('d98cdc7a-cdaf-5c00-9787-fa263eadb27e','00000000-0000-0000-0000-000000000000','authenticated','authenticated','+201000000002', now(), now(), now(), '{"provider":"phone"}'::jsonb, '{"name":"عبد الجليل أسامة"}'::jsonb) on conflict (id) do nothing;
insert into auth.users (id, instance_id, aud, role, phone, phone_confirmed_at, created_at, updated_at, raw_app_meta_data, raw_user_meta_data) values ('c58acd36-f1e8-5fbc-ab07-e9b701c61e0a','00000000-0000-0000-0000-000000000000','authenticated','authenticated','+201000000003', now(), now(), now(), '{"provider":"phone"}'::jsonb, '{"name":"حسام زكي"}'::jsonb) on conflict (id) do nothing;
insert into auth.users (id, instance_id, aud, role, phone, phone_confirmed_at, created_at, updated_at, raw_app_meta_data, raw_user_meta_data) values ('e8725620-01a2-52cf-8b55-19fda9029205','00000000-0000-0000-0000-000000000000','authenticated','authenticated','+201000000004', now(), now(), now(), '{"provider":"phone"}'::jsonb, '{"name":"أحمد ماهر"}'::jsonb) on conflict (id) do nothing;
insert into auth.users (id, instance_id, aud, role, phone, phone_confirmed_at, created_at, updated_at, raw_app_meta_data, raw_user_meta_data) values ('f7206225-47ac-5a67-9d57-66c4a8e722d1','00000000-0000-0000-0000-000000000000','authenticated','authenticated','+201000000005', now(), now(), now(), '{"provider":"phone"}'::jsonb, '{"name":"السيد أبو أحمد"}'::jsonb) on conflict (id) do nothing;
insert into auth.users (id, instance_id, aud, role, phone, phone_confirmed_at, created_at, updated_at, raw_app_meta_data, raw_user_meta_data) values ('0701dd98-37f6-557f-bacd-10b97fd04e42','00000000-0000-0000-0000-000000000000','authenticated','authenticated','+201000000006', now(), now(), now(), '{"provider":"phone"}'::jsonb, '{"name":"أمين المخزن"}'::jsonb) on conflict (id) do nothing;

-- Organization
insert into public.organization (id, name, locale, currency, area_unit, fiscal_year_start) values ('00000000-0000-0000-0000-000000000001','مزارع عبيد','ar','EGP','feddan','2025-01-01');

-- People + organization_member (5 members + 1 storekeeper)
insert into public.people (id, org_id, name, phone, position, employment_type, user_id, active) values ('f2efd2ea-d861-59bd-9cf3-a0f24ffcfd9c','00000000-0000-0000-0000-000000000001','عمرو عبيد','+201000000001','المالك','permanent','c6f9a7f6-3bbe-5d90-906f-d55d5ff42da2',true);
insert into public.people (id, org_id, name, phone, position, employment_type, user_id, active) values ('51a562a7-958b-5ef7-ab2c-276895b984f9','00000000-0000-0000-0000-000000000001','عبد الجليل أسامة','+201000000002','مدير المزرعة','permanent','d98cdc7a-cdaf-5c00-9787-fa263eadb27e',true);
insert into public.people (id, org_id, name, phone, position, employment_type, user_id, active) values ('51ed8286-fad7-53d1-a92d-01532fa78b43','00000000-0000-0000-0000-000000000001','حسام زكي','+201000000003','مهندس زراعي','permanent','c58acd36-f1e8-5fbc-ab07-e9b701c61e0a',true);
insert into public.people (id, org_id, name, phone, position, employment_type, user_id, active) values ('465cfc4e-9821-5778-9318-fa0d96994f6f','00000000-0000-0000-0000-000000000001','أحمد ماهر','+201000000004','محاسب','permanent','e8725620-01a2-52cf-8b55-19fda9029205',true);
insert into public.people (id, org_id, name, phone, position, employment_type, user_id, active) values ('bfc8ed03-61a9-5f48-8661-68b211765ec1','00000000-0000-0000-0000-000000000001','السيد أبو أحمد','+201000000005','مشرف ميداني','permanent','f7206225-47ac-5a67-9d57-66c4a8e722d1',true);
insert into public.people (id, org_id, name, phone, position, employment_type, user_id, active) values ('adbef018-600c-524e-8fd1-536718a60455','00000000-0000-0000-0000-000000000001','أمين المخزن','+201000000006','أمين مخزن','permanent','0701dd98-37f6-557f-bacd-10b97fd04e42',true);
insert into public.organization_member (org_id, user_id, role) values ('00000000-0000-0000-0000-000000000001','c6f9a7f6-3bbe-5d90-906f-d55d5ff42da2','owner');
insert into public.organization_member (org_id, user_id, role) values ('00000000-0000-0000-0000-000000000001','d98cdc7a-cdaf-5c00-9787-fa263eadb27e','farm_manager');
insert into public.organization_member (org_id, user_id, role) values ('00000000-0000-0000-0000-000000000001','c58acd36-f1e8-5fbc-ab07-e9b701c61e0a','agri_engineer');
insert into public.organization_member (org_id, user_id, role) values ('00000000-0000-0000-0000-000000000001','e8725620-01a2-52cf-8b55-19fda9029205','accountant');
insert into public.organization_member (org_id, user_id, role) values ('00000000-0000-0000-0000-000000000001','f7206225-47ac-5a67-9d57-66c4a8e722d1','supervisor');
insert into public.organization_member (org_id, user_id, role) values ('00000000-0000-0000-0000-000000000001','0701dd98-37f6-557f-bacd-10b97fd04e42','storekeeper');

-- Wages live in the role-gated people_compensation table (PII-1 / #173, migration 0043) — readable
-- only by owner/accountant via authorize('payroll.read'). One monthly rate per seeded person.
insert into public.people_compensation (org_id, person_id, rate) values ('00000000-0000-0000-0000-000000000001','f2efd2ea-d861-59bd-9cf3-a0f24ffcfd9c',50000);
insert into public.people_compensation (org_id, person_id, rate) values ('00000000-0000-0000-0000-000000000001','51a562a7-958b-5ef7-ab2c-276895b984f9',30000);
insert into public.people_compensation (org_id, person_id, rate) values ('00000000-0000-0000-0000-000000000001','51ed8286-fad7-53d1-a92d-01532fa78b43',20000);
insert into public.people_compensation (org_id, person_id, rate) values ('00000000-0000-0000-0000-000000000001','465cfc4e-9821-5778-9318-fa0d96994f6f',18000);
insert into public.people_compensation (org_id, person_id, rate) values ('00000000-0000-0000-0000-000000000001','bfc8ed03-61a9-5f48-8661-68b211765ec1',12000);
insert into public.people_compensation (org_id, person_id, rate) values ('00000000-0000-0000-0000-000000000001','adbef018-600c-524e-8fd1-536718a60455',9000);

-- Farm (single farm; total area ~ sum of sectors). main_crop = نخيل برحي
insert into public.farms (id, org_id, name, code, area_feddan, owner_person_id, manager_person_id, main_crop) values ('bd7ff67d-1af9-573b-bbac-029ecae01f8f','00000000-0000-0000-0000-000000000001','مزرعة عبيد','EBD',60,'f2efd2ea-d861-59bd-9cf3-a0f24ffcfd9c','51a562a7-958b-5ef7-ab2c-276895b984f9','نخيل برحي');

-- Sectors (5) with canonical برحي totals
insert into public.sectors (id, org_id, farm_id, name, code, crop) values ('5248f695-6ca1-5fc3-9af1-3a0fda800f51','00000000-0000-0000-0000-000000000001','bd7ff67d-1af9-573b-bbac-029ecae01f8f','الـ22 فدان','S22','نخيل برحي');
insert into public.sectors (id, org_id, farm_id, name, code, crop) values ('2aa10e7e-d6fe-5f6b-88f0-1c3c01bc1d23','00000000-0000-0000-0000-000000000001','bd7ff67d-1af9-573b-bbac-029ecae01f8f','الحصوة','HSW','نخيل برحي');
insert into public.sectors (id, org_id, farm_id, name, code, crop) values ('51bc8306-7a0f-56e1-9e1f-3d7ed8190f66','00000000-0000-0000-0000-000000000001','bd7ff67d-1af9-573b-bbac-029ecae01f8f','حوض البابور','BAB','نخيل برحي');
insert into public.sectors (id, org_id, farm_id, name, code, crop) values ('7e3261ad-992e-5d21-858d-05df811611b7','00000000-0000-0000-0000-000000000001','bd7ff67d-1af9-573b-bbac-029ecae01f8f','الشفعة','SHF','نخيل برحي');
insert into public.sectors (id, org_id, farm_id, name, code, crop) values ('4c57d9a2-8066-5497-bd99-22b99b8a00aa','00000000-0000-0000-0000-000000000001','bd7ff67d-1af9-573b-bbac-029ecae01f8f','الخطارة','KHT','نخيل برحي');

-- Hawshat (28 total); per-sector palm_count_barhi sums EXACTLY to the sector total (FF invariant).
insert into public.hawshat (id, org_id, sector_id, name, code, area_qirat, row_count, palm_count_barhi, palm_count_male, planting_date) values ('66b54cb3-bd71-53d4-8ca5-4e402a88f08f','00000000-0000-0000-0000-000000000001','5248f695-6ca1-5fc3-9af1-3a0fda800f51','الـ22 فدان - حوشة 1','S22-H01',67.7,8,190,12,'2015-03-01');
insert into public.hawshat (id, org_id, sector_id, name, code, area_qirat, row_count, palm_count_barhi, palm_count_male, planting_date) values ('078155a7-a018-57e9-97c7-f98bfa0ae2bb','00000000-0000-0000-0000-000000000001','5248f695-6ca1-5fc3-9af1-3a0fda800f51','الـ22 فدان - حوشة 2','S22-H02',67.7,8,190,12,'2015-03-01');
insert into public.hawshat (id, org_id, sector_id, name, code, area_qirat, row_count, palm_count_barhi, palm_count_male, planting_date) values ('3437f10c-72de-56be-821e-ac7a6b5923a9','00000000-0000-0000-0000-000000000001','5248f695-6ca1-5fc3-9af1-3a0fda800f51','الـ22 فدان - حوشة 3','S22-H03',67.7,8,190,12,'2015-03-01');
insert into public.hawshat (id, org_id, sector_id, name, code, area_qirat, row_count, palm_count_barhi, palm_count_male, planting_date) values ('71ec107e-8e3e-5be5-8a82-0ac65dcb5312','00000000-0000-0000-0000-000000000001','5248f695-6ca1-5fc3-9af1-3a0fda800f51','الـ22 فدان - حوشة 4','S22-H04',67.7,8,189,12,'2015-03-01');
insert into public.hawshat (id, org_id, sector_id, name, code, area_qirat, row_count, palm_count_barhi, palm_count_male, planting_date) values ('245a319d-7522-511b-93c7-e12f5bfff0c2','00000000-0000-0000-0000-000000000001','5248f695-6ca1-5fc3-9af1-3a0fda800f51','الـ22 فدان - حوشة 5','S22-H05',67.7,8,189,12,'2015-03-01');
insert into public.hawshat (id, org_id, sector_id, name, code, area_qirat, row_count, palm_count_barhi, palm_count_male, planting_date) values ('4112b8e4-a8bd-5a63-9a5e-490c9e03f333','00000000-0000-0000-0000-000000000001','2aa10e7e-d6fe-5f6b-88f0-1c3c01bc1d23','الحصوة - حوشة 1','HSW-H01',83.2,8,146,10,'2015-03-01');
insert into public.hawshat (id, org_id, sector_id, name, code, area_qirat, row_count, palm_count_barhi, palm_count_male, planting_date) values ('69c0c855-c9c5-5994-a1bb-5c60955da15d','00000000-0000-0000-0000-000000000001','2aa10e7e-d6fe-5f6b-88f0-1c3c01bc1d23','الحصوة - حوشة 2','HSW-H02',83.2,8,146,10,'2015-03-01');
insert into public.hawshat (id, org_id, sector_id, name, code, area_qirat, row_count, palm_count_barhi, palm_count_male, planting_date) values ('0a6c41f0-9735-5a5b-bf49-82fd6f9f53b3','00000000-0000-0000-0000-000000000001','2aa10e7e-d6fe-5f6b-88f0-1c3c01bc1d23','الحصوة - حوشة 3','HSW-H03',83.2,8,146,10,'2015-03-01');
insert into public.hawshat (id, org_id, sector_id, name, code, area_qirat, row_count, palm_count_barhi, palm_count_male, planting_date) values ('97d0c2fc-295a-5d74-86f2-c6fb55999d88','00000000-0000-0000-0000-000000000001','2aa10e7e-d6fe-5f6b-88f0-1c3c01bc1d23','الحصوة - حوشة 4','HSW-H04',83.2,8,146,10,'2015-03-01');
insert into public.hawshat (id, org_id, sector_id, name, code, area_qirat, row_count, palm_count_barhi, palm_count_male, planting_date) values ('9d25173c-edbf-576f-a146-54e3f0fc072a','00000000-0000-0000-0000-000000000001','2aa10e7e-d6fe-5f6b-88f0-1c3c01bc1d23','الحصوة - حوشة 5','HSW-H05',83.2,8,146,10,'2015-03-01');
insert into public.hawshat (id, org_id, sector_id, name, code, area_qirat, row_count, palm_count_barhi, palm_count_male, planting_date) values ('d1e6aecc-fcaf-564f-b6e4-1e7db802d3e9','00000000-0000-0000-0000-000000000001','2aa10e7e-d6fe-5f6b-88f0-1c3c01bc1d23','الحصوة - حوشة 6','HSW-H06',83.2,8,145,10,'2015-03-01');
insert into public.hawshat (id, org_id, sector_id, name, code, area_qirat, row_count, palm_count_barhi, palm_count_male, planting_date) values ('bb9cd3a5-3451-59f3-8f58-c88ebbc5c2c1','00000000-0000-0000-0000-000000000001','2aa10e7e-d6fe-5f6b-88f0-1c3c01bc1d23','الحصوة - حوشة 7','HSW-H07',83.2,8,145,10,'2015-03-01');
insert into public.hawshat (id, org_id, sector_id, name, code, area_qirat, row_count, palm_count_barhi, palm_count_male, planting_date) values ('90ac97a6-29a5-5d3a-8dc1-307c65d2459b','00000000-0000-0000-0000-000000000001','2aa10e7e-d6fe-5f6b-88f0-1c3c01bc1d23','الحصوة - حوشة 8','HSW-H08',83.2,8,145,10,'2015-03-01');
insert into public.hawshat (id, org_id, sector_id, name, code, area_qirat, row_count, palm_count_barhi, palm_count_male, planting_date) values ('df5e32b3-2a46-52e1-9d39-ffa59ae39f18','00000000-0000-0000-0000-000000000001','51bc8306-7a0f-56e1-9e1f-3d7ed8190f66','حوض البابور - حوشة 1','BAB-H01',106.1,8,165,12,'2015-03-01');
insert into public.hawshat (id, org_id, sector_id, name, code, area_qirat, row_count, palm_count_barhi, palm_count_male, planting_date) values ('ecf7c7a4-6a3f-5357-8c99-b5d25c03103a','00000000-0000-0000-0000-000000000001','51bc8306-7a0f-56e1-9e1f-3d7ed8190f66','حوض البابور - حوشة 2','BAB-H02',106.1,8,165,11,'2015-03-01');
insert into public.hawshat (id, org_id, sector_id, name, code, area_qirat, row_count, palm_count_barhi, palm_count_male, planting_date) values ('61685bb8-9a6b-5a27-85f2-cbaa54dd5635','00000000-0000-0000-0000-000000000001','51bc8306-7a0f-56e1-9e1f-3d7ed8190f66','حوض البابور - حوشة 3','BAB-H03',106.1,8,165,11,'2015-03-01');
insert into public.hawshat (id, org_id, sector_id, name, code, area_qirat, row_count, palm_count_barhi, palm_count_male, planting_date) values ('c33d02d0-bc12-5574-b33a-90ca1ea64f67','00000000-0000-0000-0000-000000000001','51bc8306-7a0f-56e1-9e1f-3d7ed8190f66','حوض البابور - حوشة 4','BAB-H04',106.1,8,165,11,'2015-03-01');
insert into public.hawshat (id, org_id, sector_id, name, code, area_qirat, row_count, palm_count_barhi, palm_count_male, planting_date) values ('2a023743-3251-5147-9a65-ca15adfe110d','00000000-0000-0000-0000-000000000001','51bc8306-7a0f-56e1-9e1f-3d7ed8190f66','حوض البابور - حوشة 5','BAB-H05',106.1,8,165,11,'2015-03-01');
insert into public.hawshat (id, org_id, sector_id, name, code, area_qirat, row_count, palm_count_barhi, palm_count_male, planting_date) values ('bf5ace76-572c-5b44-ad3e-887fdfd9aa44','00000000-0000-0000-0000-000000000001','51bc8306-7a0f-56e1-9e1f-3d7ed8190f66','حوض البابور - حوشة 6','BAB-H06',106.1,8,165,11,'2015-03-01');
insert into public.hawshat (id, org_id, sector_id, name, code, area_qirat, row_count, palm_count_barhi, palm_count_male, planting_date) values ('266afa8d-7404-593f-aa96-1eddf34cc11f','00000000-0000-0000-0000-000000000001','51bc8306-7a0f-56e1-9e1f-3d7ed8190f66','حوض البابور - حوشة 7','BAB-H07',106.1,8,165,11,'2015-03-01');
insert into public.hawshat (id, org_id, sector_id, name, code, area_qirat, row_count, palm_count_barhi, palm_count_male, planting_date) values ('c93cccd8-b136-539a-8853-b4e619238b9e','00000000-0000-0000-0000-000000000001','51bc8306-7a0f-56e1-9e1f-3d7ed8190f66','حوض البابور - حوشة 8','BAB-H08',106.1,8,165,11,'2015-03-01');
insert into public.hawshat (id, org_id, sector_id, name, code, area_qirat, row_count, palm_count_barhi, palm_count_male, planting_date) values ('bc2962d6-00a0-593c-a3d8-3fbda4002a20','00000000-0000-0000-0000-000000000001','51bc8306-7a0f-56e1-9e1f-3d7ed8190f66','حوض البابور - حوشة 9','BAB-H09',106.1,8,165,11,'2015-03-01');
insert into public.hawshat (id, org_id, sector_id, name, code, area_qirat, row_count, palm_count_barhi, palm_count_male, planting_date) values ('595a7e40-87b1-5eba-9eb2-93a9064d9a16','00000000-0000-0000-0000-000000000001','7e3261ad-992e-5d21-858d-05df811611b7','الشفعة - حوشة 1','SHF-H01',19.2,8,135,10,'2015-03-01');
insert into public.hawshat (id, org_id, sector_id, name, code, area_qirat, row_count, palm_count_barhi, palm_count_male, planting_date) values ('03bd09f1-fbe2-5bf1-b369-20b9520f97b0','00000000-0000-0000-0000-000000000001','7e3261ad-992e-5d21-858d-05df811611b7','الشفعة - حوشة 2','SHF-H02',19.2,8,134,10,'2015-03-01');
insert into public.hawshat (id, org_id, sector_id, name, code, area_qirat, row_count, palm_count_barhi, palm_count_male, planting_date) values ('1b03949b-1819-5c14-8312-8ed9d7245a0c','00000000-0000-0000-0000-000000000001','4c57d9a2-8066-5497-bd99-22b99b8a00aa','الخطارة - حوشة 1','KHT-H01',36.6,8,129,10,'2015-03-01');
insert into public.hawshat (id, org_id, sector_id, name, code, area_qirat, row_count, palm_count_barhi, palm_count_male, planting_date) values ('db09b446-e9ba-5c4a-9aa2-340918df5359','00000000-0000-0000-0000-000000000001','4c57d9a2-8066-5497-bd99-22b99b8a00aa','الخطارة - حوشة 2','KHT-H02',36.6,8,128,10,'2015-03-01');
insert into public.hawshat (id, org_id, sector_id, name, code, area_qirat, row_count, palm_count_barhi, palm_count_male, planting_date) values ('5ef93a8a-2076-546c-834a-e47aba7da1d8','00000000-0000-0000-0000-000000000001','4c57d9a2-8066-5497-bd99-22b99b8a00aa','الخطارة - حوشة 3','KHT-H03',36.6,8,128,10,'2015-03-01');
insert into public.hawshat (id, org_id, sector_id, name, code, area_qirat, row_count, palm_count_barhi, palm_count_male, planting_date) values ('1283430e-b02d-5be1-b288-9cc2329c8fc0','00000000-0000-0000-0000-000000000001','4c57d9a2-8066-5497-bd99-22b99b8a00aa','الخطارة - حوشة 4','KHT-H04',36.6,8,128,9,'2015-03-01');

-- Lines 1-8 + ~60 sample palm assets in الحصوة / حوشة 2 (mixed status for the map/files).
insert into public.lines (id, org_id, hawsha_id, line_no, line_code, palm_count, direction) values ('bbdff57a-3685-50ec-831d-f58e388d3e08','00000000-0000-0000-0000-000000000001','69c0c855-c9c5-5994-a1bb-5c60955da15d',1,'HSW-H02-L01',8,'شمال-جنوب');
insert into public.lines (id, org_id, hawsha_id, line_no, line_code, palm_count, direction) values ('daa034f7-729c-59b9-a541-220de8caed68','00000000-0000-0000-0000-000000000001','69c0c855-c9c5-5994-a1bb-5c60955da15d',2,'HSW-H02-L02',8,'شمال-جنوب');
insert into public.lines (id, org_id, hawsha_id, line_no, line_code, palm_count, direction) values ('1d027476-1806-5cf3-80fd-4aa59627a4a4','00000000-0000-0000-0000-000000000001','69c0c855-c9c5-5994-a1bb-5c60955da15d',3,'HSW-H02-L03',8,'شمال-جنوب');
insert into public.lines (id, org_id, hawsha_id, line_no, line_code, palm_count, direction) values ('b94a12b7-44d8-53f2-bfed-4e20c02aacfb','00000000-0000-0000-0000-000000000001','69c0c855-c9c5-5994-a1bb-5c60955da15d',4,'HSW-H02-L04',8,'شمال-جنوب');
insert into public.lines (id, org_id, hawsha_id, line_no, line_code, palm_count, direction) values ('4813670e-5018-52cb-bd9a-cb945efc1137','00000000-0000-0000-0000-000000000001','69c0c855-c9c5-5994-a1bb-5c60955da15d',5,'HSW-H02-L05',8,'شمال-جنوب');
insert into public.lines (id, org_id, hawsha_id, line_no, line_code, palm_count, direction) values ('7078a6c9-a2b4-5726-b47e-1db7e3dafdd3','00000000-0000-0000-0000-000000000001','69c0c855-c9c5-5994-a1bb-5c60955da15d',6,'HSW-H02-L06',8,'شمال-جنوب');
insert into public.lines (id, org_id, hawsha_id, line_no, line_code, palm_count, direction) values ('d1283224-85bc-541c-a2cc-6cb1e574357c','00000000-0000-0000-0000-000000000001','69c0c855-c9c5-5994-a1bb-5c60955da15d',7,'HSW-H02-L07',8,'شمال-جنوب');
insert into public.lines (id, org_id, hawsha_id, line_no, line_code, palm_count, direction) values ('1b323bf5-2c04-5a64-afd5-306143209ac4','00000000-0000-0000-0000-000000000001','69c0c855-c9c5-5994-a1bb-5c60955da15d',8,'HSW-H02-L08',8,'شمال-جنوب');

insert into public.assets (id, org_id, type, name, sector_id, hawsha_id, line_id, variety, sex, status, health_status, planting_date, id_tag) values ('540c1dd2-ca9b-5e21-ad78-59969881e488','00000000-0000-0000-0000-000000000001','palm','نخلة EBD-HSW-H02-L01-P001','2aa10e7e-d6fe-5f6b-88f0-1c3c01bc1d23','69c0c855-c9c5-5994-a1bb-5c60955da15d','bbdff57a-3685-50ec-831d-f58e388d3e08','برحي','female','active','good','2015-03-01','EBD-HSW-H02-L01-P001');
insert into public.assets (id, org_id, type, name, sector_id, hawsha_id, line_id, variety, sex, status, health_status, planting_date, id_tag) values ('299bbbf5-e898-53eb-838a-f0a9e8812b05','00000000-0000-0000-0000-000000000001','palm','نخلة EBD-HSW-H02-L01-P002','2aa10e7e-d6fe-5f6b-88f0-1c3c01bc1d23','69c0c855-c9c5-5994-a1bb-5c60955da15d','bbdff57a-3685-50ec-831d-f58e388d3e08','برحي','female','active','good','2015-03-01','EBD-HSW-H02-L01-P002');
insert into public.assets (id, org_id, type, name, sector_id, hawsha_id, line_id, variety, sex, status, health_status, planting_date, id_tag) values ('bb6b39c9-6b7f-5e50-ba5a-5191860a8ee8','00000000-0000-0000-0000-000000000001','palm','نخلة EBD-HSW-H02-L01-P003','2aa10e7e-d6fe-5f6b-88f0-1c3c01bc1d23','69c0c855-c9c5-5994-a1bb-5c60955da15d','bbdff57a-3685-50ec-831d-f58e388d3e08','برحي','female','active','good','2015-03-01','EBD-HSW-H02-L01-P003');
insert into public.assets (id, org_id, type, name, sector_id, hawsha_id, line_id, variety, sex, status, health_status, planting_date, id_tag) values ('8ebc98f3-799f-534e-b90a-b2140f7bbca1','00000000-0000-0000-0000-000000000001','palm','نخلة EBD-HSW-H02-L01-P004','2aa10e7e-d6fe-5f6b-88f0-1c3c01bc1d23','69c0c855-c9c5-5994-a1bb-5c60955da15d','bbdff57a-3685-50ec-831d-f58e388d3e08','برحي','female','active','good','2015-03-01','EBD-HSW-H02-L01-P004');
insert into public.assets (id, org_id, type, name, sector_id, hawsha_id, line_id, variety, sex, status, health_status, planting_date, id_tag) values ('3ef86d27-c413-5e58-a0db-8eacbaf72ab6','00000000-0000-0000-0000-000000000001','palm','نخلة EBD-HSW-H02-L01-P005','2aa10e7e-d6fe-5f6b-88f0-1c3c01bc1d23','69c0c855-c9c5-5994-a1bb-5c60955da15d','bbdff57a-3685-50ec-831d-f58e388d3e08','برحي','female','active','good','2015-03-01','EBD-HSW-H02-L01-P005');
insert into public.assets (id, org_id, type, name, sector_id, hawsha_id, line_id, variety, sex, status, health_status, planting_date, id_tag) values ('e1bcfc4c-befb-5130-a3d0-7137d7b734bd','00000000-0000-0000-0000-000000000001','palm','نخلة EBD-HSW-H02-L01-P006','2aa10e7e-d6fe-5f6b-88f0-1c3c01bc1d23','69c0c855-c9c5-5994-a1bb-5c60955da15d','bbdff57a-3685-50ec-831d-f58e388d3e08','برحي','female','active','good','2015-03-01','EBD-HSW-H02-L01-P006');
insert into public.assets (id, org_id, type, name, sector_id, hawsha_id, line_id, variety, sex, status, health_status, planting_date, id_tag) values ('52fa39a7-731b-59bf-a6e9-130aa1512dca','00000000-0000-0000-0000-000000000001','palm','نخلة EBD-HSW-H02-L01-P007','2aa10e7e-d6fe-5f6b-88f0-1c3c01bc1d23','69c0c855-c9c5-5994-a1bb-5c60955da15d','bbdff57a-3685-50ec-831d-f58e388d3e08','برحي','female','active','good','2015-03-01','EBD-HSW-H02-L01-P007');
insert into public.assets (id, org_id, type, name, sector_id, hawsha_id, line_id, variety, sex, status, health_status, planting_date, id_tag) values ('1fdbbac4-5256-5730-bab8-5d02c86ba40e','00000000-0000-0000-0000-000000000001','palm','نخلة EBD-HSW-H02-L01-P008','2aa10e7e-d6fe-5f6b-88f0-1c3c01bc1d23','69c0c855-c9c5-5994-a1bb-5c60955da15d','bbdff57a-3685-50ec-831d-f58e388d3e08','برحي','female','active','good','2015-03-01','EBD-HSW-H02-L01-P008');
insert into public.assets (id, org_id, type, name, sector_id, hawsha_id, line_id, variety, sex, status, health_status, planting_date, id_tag) values ('55315896-bcb4-5953-a838-27741c9079e1','00000000-0000-0000-0000-000000000001','palm','نخلة EBD-HSW-H02-L02-P001','2aa10e7e-d6fe-5f6b-88f0-1c3c01bc1d23','69c0c855-c9c5-5994-a1bb-5c60955da15d','daa034f7-729c-59b9-a541-220de8caed68','برحي','female','active','good','2015-03-01','EBD-HSW-H02-L02-P001');
insert into public.assets (id, org_id, type, name, sector_id, hawsha_id, line_id, variety, sex, status, health_status, planting_date, id_tag) values ('f2c8cfba-a9f0-5abc-aec2-cba9a4446cdd','00000000-0000-0000-0000-000000000001','palm','نخلة EBD-HSW-H02-L02-P002','2aa10e7e-d6fe-5f6b-88f0-1c3c01bc1d23','69c0c855-c9c5-5994-a1bb-5c60955da15d','daa034f7-729c-59b9-a541-220de8caed68','برحي','female','active','good','2015-03-01','EBD-HSW-H02-L02-P002');
insert into public.assets (id, org_id, type, name, sector_id, hawsha_id, line_id, variety, sex, status, health_status, planting_date, id_tag) values ('2a4b0f3b-bc65-5524-bea8-c7dcd96c4408','00000000-0000-0000-0000-000000000001','palm','نخلة EBD-HSW-H02-L02-P003','2aa10e7e-d6fe-5f6b-88f0-1c3c01bc1d23','69c0c855-c9c5-5994-a1bb-5c60955da15d','daa034f7-729c-59b9-a541-220de8caed68','برحي','female','active','good','2015-03-01','EBD-HSW-H02-L02-P003');
insert into public.assets (id, org_id, type, name, sector_id, hawsha_id, line_id, variety, sex, status, health_status, planting_date, id_tag) values ('5a25b28c-c162-572f-91a8-81b010e7761b','00000000-0000-0000-0000-000000000001','palm','نخلة EBD-HSW-H02-L02-P004','2aa10e7e-d6fe-5f6b-88f0-1c3c01bc1d23','69c0c855-c9c5-5994-a1bb-5c60955da15d','daa034f7-729c-59b9-a541-220de8caed68','برحي','female','active','good','2015-03-01','EBD-HSW-H02-L02-P004');
insert into public.assets (id, org_id, type, name, sector_id, hawsha_id, line_id, variety, sex, status, health_status, planting_date, id_tag) values ('0c43a8eb-8571-5a20-9f0a-d7d443e03a64','00000000-0000-0000-0000-000000000001','palm','نخلة EBD-HSW-H02-L02-P005','2aa10e7e-d6fe-5f6b-88f0-1c3c01bc1d23','69c0c855-c9c5-5994-a1bb-5c60955da15d','daa034f7-729c-59b9-a541-220de8caed68','برحي','female','watch','leaf_spot_watch','2015-03-01','EBD-HSW-H02-L02-P005');
insert into public.assets (id, org_id, type, name, sector_id, hawsha_id, line_id, variety, sex, status, health_status, planting_date, id_tag) values ('f139f7f0-773b-5596-8aee-786531e1d719','00000000-0000-0000-0000-000000000001','palm','نخلة EBD-HSW-H02-L02-P006','2aa10e7e-d6fe-5f6b-88f0-1c3c01bc1d23','69c0c855-c9c5-5994-a1bb-5c60955da15d','daa034f7-729c-59b9-a541-220de8caed68','برحي','female','active','good','2015-03-01','EBD-HSW-H02-L02-P006');
insert into public.assets (id, org_id, type, name, sector_id, hawsha_id, line_id, variety, sex, status, health_status, planting_date, id_tag) values ('e0e186ec-e16a-5934-8a38-6b53167e7a0d','00000000-0000-0000-0000-000000000001','palm','نخلة EBD-HSW-H02-L02-P007','2aa10e7e-d6fe-5f6b-88f0-1c3c01bc1d23','69c0c855-c9c5-5994-a1bb-5c60955da15d','daa034f7-729c-59b9-a541-220de8caed68','برحي','female','active','good','2015-03-01','EBD-HSW-H02-L02-P007');
insert into public.assets (id, org_id, type, name, sector_id, hawsha_id, line_id, variety, sex, status, health_status, planting_date, id_tag) values ('3b211f44-a2e2-5c21-9064-3a0cbe668ba2','00000000-0000-0000-0000-000000000001','palm','نخلة EBD-HSW-H02-L02-P008','2aa10e7e-d6fe-5f6b-88f0-1c3c01bc1d23','69c0c855-c9c5-5994-a1bb-5c60955da15d','daa034f7-729c-59b9-a541-220de8caed68','برحي','female','active','good','2015-03-01','EBD-HSW-H02-L02-P008');
insert into public.assets (id, org_id, type, name, sector_id, hawsha_id, line_id, variety, sex, status, health_status, planting_date, id_tag) values ('cb4c0bf3-f93b-5bee-88e9-2d57357aa76a','00000000-0000-0000-0000-000000000001','palm','نخلة EBD-HSW-H02-L03-P001','2aa10e7e-d6fe-5f6b-88f0-1c3c01bc1d23','69c0c855-c9c5-5994-a1bb-5c60955da15d','1d027476-1806-5cf3-80fd-4aa59627a4a4','برحي','female','active','good','2015-03-01','EBD-HSW-H02-L03-P001');
insert into public.assets (id, org_id, type, name, sector_id, hawsha_id, line_id, variety, sex, status, health_status, planting_date, id_tag) values ('86442791-6663-51c2-80bb-84813dbf3e96','00000000-0000-0000-0000-000000000001','palm','نخلة EBD-HSW-H02-L03-P002','2aa10e7e-d6fe-5f6b-88f0-1c3c01bc1d23','69c0c855-c9c5-5994-a1bb-5c60955da15d','1d027476-1806-5cf3-80fd-4aa59627a4a4','برحي','female','active','good','2015-03-01','EBD-HSW-H02-L03-P002');
insert into public.assets (id, org_id, type, name, sector_id, hawsha_id, line_id, variety, sex, status, health_status, planting_date, id_tag) values ('868f50aa-744d-53ef-9051-0b0954f90c70','00000000-0000-0000-0000-000000000001','palm','نخلة EBD-HSW-H02-L03-P003','2aa10e7e-d6fe-5f6b-88f0-1c3c01bc1d23','69c0c855-c9c5-5994-a1bb-5c60955da15d','1d027476-1806-5cf3-80fd-4aa59627a4a4','برحي','female','active','good','2015-03-01','EBD-HSW-H02-L03-P003');
insert into public.assets (id, org_id, type, name, sector_id, hawsha_id, line_id, variety, sex, status, health_status, planting_date, id_tag) values ('66d48739-d0c7-5f57-8300-e53c4755bade','00000000-0000-0000-0000-000000000001','palm','نخلة EBD-HSW-H02-L03-P004','2aa10e7e-d6fe-5f6b-88f0-1c3c01bc1d23','69c0c855-c9c5-5994-a1bb-5c60955da15d','1d027476-1806-5cf3-80fd-4aa59627a4a4','برحي','female','active','good','2015-03-01','EBD-HSW-H02-L03-P004');
insert into public.assets (id, org_id, type, name, sector_id, hawsha_id, line_id, variety, sex, status, health_status, planting_date, id_tag) values ('41c378d7-d6d2-529b-831d-2d5b00e8cfaf','00000000-0000-0000-0000-000000000001','palm','نخلة EBD-HSW-H02-L03-P005','2aa10e7e-d6fe-5f6b-88f0-1c3c01bc1d23','69c0c855-c9c5-5994-a1bb-5c60955da15d','1d027476-1806-5cf3-80fd-4aa59627a4a4','برحي','female','active','good','2015-03-01','EBD-HSW-H02-L03-P005');
insert into public.assets (id, org_id, type, name, sector_id, hawsha_id, line_id, variety, sex, status, health_status, planting_date, id_tag) values ('00a7de63-c230-5b47-a173-5b8f972e42c5','00000000-0000-0000-0000-000000000001','palm','نخلة EBD-HSW-H02-L03-P006','2aa10e7e-d6fe-5f6b-88f0-1c3c01bc1d23','69c0c855-c9c5-5994-a1bb-5c60955da15d','1d027476-1806-5cf3-80fd-4aa59627a4a4','برحي','female','active','good','2015-03-01','EBD-HSW-H02-L03-P006');
insert into public.assets (id, org_id, type, name, sector_id, hawsha_id, line_id, variety, sex, status, health_status, planting_date, id_tag) values ('82393eef-eb29-5115-990b-67c92d9eaea4','00000000-0000-0000-0000-000000000001','palm','نخلة EBD-HSW-H02-L03-P007','2aa10e7e-d6fe-5f6b-88f0-1c3c01bc1d23','69c0c855-c9c5-5994-a1bb-5c60955da15d','1d027476-1806-5cf3-80fd-4aa59627a4a4','برحي','female','active','good','2015-03-01','EBD-HSW-H02-L03-P007');
insert into public.assets (id, org_id, type, name, sector_id, hawsha_id, line_id, variety, sex, status, health_status, planting_date, id_tag) values ('36a9d6e3-5c60-593e-9932-788790be59ce','00000000-0000-0000-0000-000000000001','palm','نخلة EBD-HSW-H02-L03-P008','2aa10e7e-d6fe-5f6b-88f0-1c3c01bc1d23','69c0c855-c9c5-5994-a1bb-5c60955da15d','1d027476-1806-5cf3-80fd-4aa59627a4a4','برحي','female','active','good','2015-03-01','EBD-HSW-H02-L03-P008');
insert into public.assets (id, org_id, type, name, sector_id, hawsha_id, line_id, variety, sex, status, health_status, planting_date, id_tag) values ('c119fd18-4559-57cb-b653-e63a85ef0aac','00000000-0000-0000-0000-000000000001','palm','نخلة EBD-HSW-H02-L04-P001','2aa10e7e-d6fe-5f6b-88f0-1c3c01bc1d23','69c0c855-c9c5-5994-a1bb-5c60955da15d','b94a12b7-44d8-53f2-bfed-4e20c02aacfb','برحي','female','active','good','2015-03-01','EBD-HSW-H02-L04-P001');
insert into public.assets (id, org_id, type, name, sector_id, hawsha_id, line_id, variety, sex, status, health_status, planting_date, id_tag) values ('07a5bbbd-cff7-5f97-b8c5-da0c267ef25f','00000000-0000-0000-0000-000000000001','palm','نخلة EBD-HSW-H02-L04-P002','2aa10e7e-d6fe-5f6b-88f0-1c3c01bc1d23','69c0c855-c9c5-5994-a1bb-5c60955da15d','b94a12b7-44d8-53f2-bfed-4e20c02aacfb','برحي','female','active','good','2015-03-01','EBD-HSW-H02-L04-P002');
insert into public.assets (id, org_id, type, name, sector_id, hawsha_id, line_id, variety, sex, status, health_status, planting_date, id_tag) values ('d8c8f642-0500-53c0-a959-f63cb8cd134c','00000000-0000-0000-0000-000000000001','palm','نخلة EBD-HSW-H02-L04-P003','2aa10e7e-d6fe-5f6b-88f0-1c3c01bc1d23','69c0c855-c9c5-5994-a1bb-5c60955da15d','b94a12b7-44d8-53f2-bfed-4e20c02aacfb','برحي','female','sick','rpw_suspected','2015-03-01','EBD-HSW-H02-L04-P003');
insert into public.assets (id, org_id, type, name, sector_id, hawsha_id, line_id, variety, sex, status, health_status, planting_date, id_tag) values ('cb10dc5f-cee0-5595-8393-fcd6ab484666','00000000-0000-0000-0000-000000000001','palm','نخلة EBD-HSW-H02-L04-P004','2aa10e7e-d6fe-5f6b-88f0-1c3c01bc1d23','69c0c855-c9c5-5994-a1bb-5c60955da15d','b94a12b7-44d8-53f2-bfed-4e20c02aacfb','برحي','female','active','good','2015-03-01','EBD-HSW-H02-L04-P004');
insert into public.assets (id, org_id, type, name, sector_id, hawsha_id, line_id, variety, sex, status, health_status, planting_date, id_tag) values ('3dc26794-3e05-51fd-8014-690df8c62318','00000000-0000-0000-0000-000000000001','palm','نخلة EBD-HSW-H02-L04-P005','2aa10e7e-d6fe-5f6b-88f0-1c3c01bc1d23','69c0c855-c9c5-5994-a1bb-5c60955da15d','b94a12b7-44d8-53f2-bfed-4e20c02aacfb','برحي','female','active','good','2015-03-01','EBD-HSW-H02-L04-P005');
insert into public.assets (id, org_id, type, name, sector_id, hawsha_id, line_id, variety, sex, status, health_status, planting_date, id_tag) values ('04e71c5a-bf09-586b-9c54-7efa884debf3','00000000-0000-0000-0000-000000000001','palm','نخلة EBD-HSW-H02-L04-P006','2aa10e7e-d6fe-5f6b-88f0-1c3c01bc1d23','69c0c855-c9c5-5994-a1bb-5c60955da15d','b94a12b7-44d8-53f2-bfed-4e20c02aacfb','برحي','female','active','good','2015-03-01','EBD-HSW-H02-L04-P006');
insert into public.assets (id, org_id, type, name, sector_id, hawsha_id, line_id, variety, sex, status, health_status, planting_date, id_tag) values ('417f1030-d6bc-5c82-ba5d-4f369ed9a8a0','00000000-0000-0000-0000-000000000001','palm','نخلة EBD-HSW-H02-L04-P007','2aa10e7e-d6fe-5f6b-88f0-1c3c01bc1d23','69c0c855-c9c5-5994-a1bb-5c60955da15d','b94a12b7-44d8-53f2-bfed-4e20c02aacfb','برحي','female','active','good','2015-03-01','EBD-HSW-H02-L04-P007');
insert into public.assets (id, org_id, type, name, sector_id, hawsha_id, line_id, variety, sex, status, health_status, planting_date, id_tag) values ('ee0f4ac8-8d9b-5fa3-b62e-91ad7d22d3e1','00000000-0000-0000-0000-000000000001','palm','نخلة EBD-HSW-H02-L04-P008','2aa10e7e-d6fe-5f6b-88f0-1c3c01bc1d23','69c0c855-c9c5-5994-a1bb-5c60955da15d','b94a12b7-44d8-53f2-bfed-4e20c02aacfb','برحي','female','active','good','2015-03-01','EBD-HSW-H02-L04-P008');
insert into public.assets (id, org_id, type, name, sector_id, hawsha_id, line_id, variety, sex, status, health_status, planting_date, id_tag) values ('35d2383e-7b97-5bb3-b3ae-d3f9f761732b','00000000-0000-0000-0000-000000000001','palm','نخلة EBD-HSW-H02-L05-P001','2aa10e7e-d6fe-5f6b-88f0-1c3c01bc1d23','69c0c855-c9c5-5994-a1bb-5c60955da15d','4813670e-5018-52cb-bd9a-cb945efc1137','برحي','female','active','good','2015-03-01','EBD-HSW-H02-L05-P001');
insert into public.assets (id, org_id, type, name, sector_id, hawsha_id, line_id, variety, sex, status, health_status, planting_date, id_tag) values ('e78821e9-4b8f-5be3-9482-5e1d0df0667e','00000000-0000-0000-0000-000000000001','palm','نخلة EBD-HSW-H02-L05-P002','2aa10e7e-d6fe-5f6b-88f0-1c3c01bc1d23','69c0c855-c9c5-5994-a1bb-5c60955da15d','4813670e-5018-52cb-bd9a-cb945efc1137','برحي','female','active','good','2015-03-01','EBD-HSW-H02-L05-P002');
insert into public.assets (id, org_id, type, name, sector_id, hawsha_id, line_id, variety, sex, status, health_status, planting_date, id_tag) values ('ee62ab15-3bb9-5fb8-8cf0-237d984d3b70','00000000-0000-0000-0000-000000000001','palm','نخلة EBD-HSW-H02-L05-P003','2aa10e7e-d6fe-5f6b-88f0-1c3c01bc1d23','69c0c855-c9c5-5994-a1bb-5c60955da15d','4813670e-5018-52cb-bd9a-cb945efc1137','برحي','female','active','good','2015-03-01','EBD-HSW-H02-L05-P003');
insert into public.assets (id, org_id, type, name, sector_id, hawsha_id, line_id, variety, sex, status, health_status, planting_date, id_tag) values ('5d8cb90d-514b-5f18-8e4f-99165db56c37','00000000-0000-0000-0000-000000000001','palm','نخلة EBD-HSW-H02-L05-P004','2aa10e7e-d6fe-5f6b-88f0-1c3c01bc1d23','69c0c855-c9c5-5994-a1bb-5c60955da15d','4813670e-5018-52cb-bd9a-cb945efc1137','برحي','female','active','good','2015-03-01','EBD-HSW-H02-L05-P004');
insert into public.assets (id, org_id, type, name, sector_id, hawsha_id, line_id, variety, sex, status, health_status, planting_date, id_tag) values ('97296295-0a8a-50c3-a702-440d21895b8f','00000000-0000-0000-0000-000000000001','palm','نخلة EBD-HSW-H02-L05-P005','2aa10e7e-d6fe-5f6b-88f0-1c3c01bc1d23','69c0c855-c9c5-5994-a1bb-5c60955da15d','4813670e-5018-52cb-bd9a-cb945efc1137','برحي','female','active','good','2015-03-01','EBD-HSW-H02-L05-P005');
insert into public.assets (id, org_id, type, name, sector_id, hawsha_id, line_id, variety, sex, status, health_status, planting_date, id_tag) values ('a5de7acb-6713-58a8-9ad1-ee2baa211ab6','00000000-0000-0000-0000-000000000001','palm','نخلة EBD-HSW-H02-L05-P006','2aa10e7e-d6fe-5f6b-88f0-1c3c01bc1d23','69c0c855-c9c5-5994-a1bb-5c60955da15d','4813670e-5018-52cb-bd9a-cb945efc1137','برحي','female','active','good','2015-03-01','EBD-HSW-H02-L05-P006');
insert into public.assets (id, org_id, type, name, sector_id, hawsha_id, line_id, variety, sex, status, health_status, planting_date, id_tag) values ('5c18a410-d108-5046-825b-c2077203b754','00000000-0000-0000-0000-000000000001','palm','نخلة EBD-HSW-H02-L05-P007','2aa10e7e-d6fe-5f6b-88f0-1c3c01bc1d23','69c0c855-c9c5-5994-a1bb-5c60955da15d','4813670e-5018-52cb-bd9a-cb945efc1137','برحي','female','active','good','2015-03-01','EBD-HSW-H02-L05-P007');
insert into public.assets (id, org_id, type, name, sector_id, hawsha_id, line_id, variety, sex, status, health_status, planting_date, id_tag) values ('9e297ebd-1d40-5b6b-a253-8fe8a34dd4ea','00000000-0000-0000-0000-000000000001','palm','نخلة EBD-HSW-H02-L06-P001','2aa10e7e-d6fe-5f6b-88f0-1c3c01bc1d23','69c0c855-c9c5-5994-a1bb-5c60955da15d','7078a6c9-a2b4-5726-b47e-1db7e3dafdd3','برحي','female','active','good','2015-03-01','EBD-HSW-H02-L06-P001');
insert into public.assets (id, org_id, type, name, sector_id, hawsha_id, line_id, variety, sex, status, health_status, planting_date, id_tag) values ('856b3d9a-90e1-54a3-9c73-02838d2077f0','00000000-0000-0000-0000-000000000001','palm','نخلة EBD-HSW-H02-L06-P002','2aa10e7e-d6fe-5f6b-88f0-1c3c01bc1d23','69c0c855-c9c5-5994-a1bb-5c60955da15d','7078a6c9-a2b4-5726-b47e-1db7e3dafdd3','برحي','female','active','good','2015-03-01','EBD-HSW-H02-L06-P002');
insert into public.assets (id, org_id, type, name, sector_id, hawsha_id, line_id, variety, sex, status, health_status, planting_date, id_tag) values ('b491b31e-99ad-5645-a16d-82b018abc027','00000000-0000-0000-0000-000000000001','palm','نخلة EBD-HSW-H02-L06-P003','2aa10e7e-d6fe-5f6b-88f0-1c3c01bc1d23','69c0c855-c9c5-5994-a1bb-5c60955da15d','7078a6c9-a2b4-5726-b47e-1db7e3dafdd3','برحي','female','active','good','2015-03-01','EBD-HSW-H02-L06-P003');
insert into public.assets (id, org_id, type, name, sector_id, hawsha_id, line_id, variety, sex, status, health_status, planting_date, id_tag) values ('dd687f9e-3df7-51a9-bf6f-f2ee98a8465e','00000000-0000-0000-0000-000000000001','palm','نخلة EBD-HSW-H02-L06-P004','2aa10e7e-d6fe-5f6b-88f0-1c3c01bc1d23','69c0c855-c9c5-5994-a1bb-5c60955da15d','7078a6c9-a2b4-5726-b47e-1db7e3dafdd3','برحي','female','active','good','2015-03-01','EBD-HSW-H02-L06-P004');
insert into public.assets (id, org_id, type, name, sector_id, hawsha_id, line_id, variety, sex, status, health_status, planting_date, id_tag) values ('914b6cdb-17c7-5fa0-9232-c8635e1b09e2','00000000-0000-0000-0000-000000000001','palm','نخلة EBD-HSW-H02-L06-P005','2aa10e7e-d6fe-5f6b-88f0-1c3c01bc1d23','69c0c855-c9c5-5994-a1bb-5c60955da15d','7078a6c9-a2b4-5726-b47e-1db7e3dafdd3','برحي','female','active','good','2015-03-01','EBD-HSW-H02-L06-P005');
insert into public.assets (id, org_id, type, name, sector_id, hawsha_id, line_id, variety, sex, status, health_status, planting_date, id_tag) values ('8d2037d8-1782-5a57-b733-0118f33fd565','00000000-0000-0000-0000-000000000001','palm','نخلة EBD-HSW-H02-L06-P006','2aa10e7e-d6fe-5f6b-88f0-1c3c01bc1d23','69c0c855-c9c5-5994-a1bb-5c60955da15d','7078a6c9-a2b4-5726-b47e-1db7e3dafdd3','برحي','female','active','good','2015-03-01','EBD-HSW-H02-L06-P006');
insert into public.assets (id, org_id, type, name, sector_id, hawsha_id, line_id, variety, sex, status, health_status, planting_date, id_tag) values ('99b45715-1ba8-5d31-89a6-c3aa7fc3f2dc','00000000-0000-0000-0000-000000000001','palm','نخلة EBD-HSW-H02-L06-P007','2aa10e7e-d6fe-5f6b-88f0-1c3c01bc1d23','69c0c855-c9c5-5994-a1bb-5c60955da15d','7078a6c9-a2b4-5726-b47e-1db7e3dafdd3','برحي','female','active','good','2015-03-01','EBD-HSW-H02-L06-P007');
insert into public.assets (id, org_id, type, name, sector_id, hawsha_id, line_id, variety, sex, status, health_status, planting_date, id_tag) values ('64c3c436-18e7-5047-af46-02b440f44026','00000000-0000-0000-0000-000000000001','palm','نخلة EBD-HSW-H02-L07-P001','2aa10e7e-d6fe-5f6b-88f0-1c3c01bc1d23','69c0c855-c9c5-5994-a1bb-5c60955da15d','d1283224-85bc-541c-a2cc-6cb1e574357c','برحي','female','active','good','2015-03-01','EBD-HSW-H02-L07-P001');
insert into public.assets (id, org_id, type, name, sector_id, hawsha_id, line_id, variety, sex, status, health_status, planting_date, id_tag) values ('fc07bf48-96a1-59c6-83f0-c2a645794b77','00000000-0000-0000-0000-000000000001','palm','نخلة EBD-HSW-H02-L07-P002','2aa10e7e-d6fe-5f6b-88f0-1c3c01bc1d23','69c0c855-c9c5-5994-a1bb-5c60955da15d','d1283224-85bc-541c-a2cc-6cb1e574357c','برحي','female','active','good','2015-03-01','EBD-HSW-H02-L07-P002');
insert into public.assets (id, org_id, type, name, sector_id, hawsha_id, line_id, variety, sex, status, health_status, planting_date, id_tag) values ('166fc039-594c-5987-b4c4-755932932cdc','00000000-0000-0000-0000-000000000001','palm','نخلة EBD-HSW-H02-L07-P003','2aa10e7e-d6fe-5f6b-88f0-1c3c01bc1d23','69c0c855-c9c5-5994-a1bb-5c60955da15d','d1283224-85bc-541c-a2cc-6cb1e574357c','برحي','female','active','good','2015-03-01','EBD-HSW-H02-L07-P003');
insert into public.assets (id, org_id, type, name, sector_id, hawsha_id, line_id, variety, sex, status, health_status, planting_date, id_tag) values ('5969c9b5-d0ee-54c1-9cf8-4f851aa2aedd','00000000-0000-0000-0000-000000000001','palm','نخلة EBD-HSW-H02-L07-P004','2aa10e7e-d6fe-5f6b-88f0-1c3c01bc1d23','69c0c855-c9c5-5994-a1bb-5c60955da15d','d1283224-85bc-541c-a2cc-6cb1e574357c','برحي','female','active','good','2015-03-01','EBD-HSW-H02-L07-P004');
insert into public.assets (id, org_id, type, name, sector_id, hawsha_id, line_id, variety, sex, status, health_status, planting_date, id_tag) values ('e3736230-8f7c-5a19-9244-81d30f760585','00000000-0000-0000-0000-000000000001','palm','نخلة EBD-HSW-H02-L07-P005','2aa10e7e-d6fe-5f6b-88f0-1c3c01bc1d23','69c0c855-c9c5-5994-a1bb-5c60955da15d','d1283224-85bc-541c-a2cc-6cb1e574357c','برحي','female','active','good','2015-03-01','EBD-HSW-H02-L07-P005');
insert into public.assets (id, org_id, type, name, sector_id, hawsha_id, line_id, variety, sex, status, health_status, planting_date, id_tag) values ('61189bb6-c56a-5059-8c2d-63180c28a01d','00000000-0000-0000-0000-000000000001','palm','نخلة EBD-HSW-H02-L07-P006','2aa10e7e-d6fe-5f6b-88f0-1c3c01bc1d23','69c0c855-c9c5-5994-a1bb-5c60955da15d','d1283224-85bc-541c-a2cc-6cb1e574357c','برحي','female','active','good','2015-03-01','EBD-HSW-H02-L07-P006');
insert into public.assets (id, org_id, type, name, sector_id, hawsha_id, line_id, variety, sex, status, health_status, planting_date, id_tag) values ('f824ef17-3628-5fff-9a98-c876f6277098','00000000-0000-0000-0000-000000000001','palm','نخلة EBD-HSW-H02-L07-P007','2aa10e7e-d6fe-5f6b-88f0-1c3c01bc1d23','69c0c855-c9c5-5994-a1bb-5c60955da15d','d1283224-85bc-541c-a2cc-6cb1e574357c','برحي','female','active','good','2015-03-01','EBD-HSW-H02-L07-P007');
insert into public.assets (id, org_id, type, name, sector_id, hawsha_id, line_id, variety, sex, status, health_status, planting_date, id_tag) values ('14e6bcbe-c344-513e-b9bb-04d2a98dbe4d','00000000-0000-0000-0000-000000000001','palm','نخلة EBD-HSW-H02-L08-P001','2aa10e7e-d6fe-5f6b-88f0-1c3c01bc1d23','69c0c855-c9c5-5994-a1bb-5c60955da15d','1b323bf5-2c04-5a64-afd5-306143209ac4','برحي','female','active','good','2015-03-01','EBD-HSW-H02-L08-P001');
insert into public.assets (id, org_id, type, name, sector_id, hawsha_id, line_id, variety, sex, status, health_status, planting_date, id_tag) values ('4853f9a1-17d2-577d-a440-0fa88352f009','00000000-0000-0000-0000-000000000001','palm','نخلة EBD-HSW-H02-L08-P002','2aa10e7e-d6fe-5f6b-88f0-1c3c01bc1d23','69c0c855-c9c5-5994-a1bb-5c60955da15d','1b323bf5-2c04-5a64-afd5-306143209ac4','برحي','female','active','good','2015-03-01','EBD-HSW-H02-L08-P002');
insert into public.assets (id, org_id, type, name, sector_id, hawsha_id, line_id, variety, sex, status, health_status, planting_date, id_tag) values ('32a6c109-cdfa-5de3-bfe7-6622010529c4','00000000-0000-0000-0000-000000000001','palm','نخلة EBD-HSW-H02-L08-P003','2aa10e7e-d6fe-5f6b-88f0-1c3c01bc1d23','69c0c855-c9c5-5994-a1bb-5c60955da15d','1b323bf5-2c04-5a64-afd5-306143209ac4','برحي','female','active','good','2015-03-01','EBD-HSW-H02-L08-P003');
insert into public.assets (id, org_id, type, name, sector_id, hawsha_id, line_id, variety, sex, status, health_status, planting_date, id_tag) values ('6ce21364-7487-567e-8d65-d19a049b2c65','00000000-0000-0000-0000-000000000001','palm','نخلة EBD-HSW-H02-L08-P004','2aa10e7e-d6fe-5f6b-88f0-1c3c01bc1d23','69c0c855-c9c5-5994-a1bb-5c60955da15d','1b323bf5-2c04-5a64-afd5-306143209ac4','برحي','female','active','good','2015-03-01','EBD-HSW-H02-L08-P004');
insert into public.assets (id, org_id, type, name, sector_id, hawsha_id, line_id, variety, sex, status, health_status, planting_date, id_tag) values ('b8deb433-2e20-5486-928b-d9a24b8de188','00000000-0000-0000-0000-000000000001','palm','نخلة EBD-HSW-H02-L08-P005','2aa10e7e-d6fe-5f6b-88f0-1c3c01bc1d23','69c0c855-c9c5-5994-a1bb-5c60955da15d','1b323bf5-2c04-5a64-afd5-306143209ac4','برحي','female','active','good','2015-03-01','EBD-HSW-H02-L08-P005');
insert into public.assets (id, org_id, type, name, sector_id, hawsha_id, line_id, variety, sex, status, health_status, planting_date, id_tag) values ('4cf9f064-3f23-5405-b8a3-b4beeee6c4fe','00000000-0000-0000-0000-000000000001','palm','نخلة EBD-HSW-H02-L08-P006','2aa10e7e-d6fe-5f6b-88f0-1c3c01bc1d23','69c0c855-c9c5-5994-a1bb-5c60955da15d','1b323bf5-2c04-5a64-afd5-306143209ac4','برحي','female','active','good','2015-03-01','EBD-HSW-H02-L08-P006');
insert into public.assets (id, org_id, type, name, sector_id, hawsha_id, line_id, variety, sex, status, health_status, planting_date, id_tag) values ('7563ad29-5a1d-526f-bd2f-be7cb28b2560','00000000-0000-0000-0000-000000000001','palm','نخلة EBD-HSW-H02-L08-P007','2aa10e7e-d6fe-5f6b-88f0-1c3c01bc1d23','69c0c855-c9c5-5994-a1bb-5c60955da15d','1b323bf5-2c04-5a64-afd5-306143209ac4','برحي','female','active','good','2015-03-01','EBD-HSW-H02-L08-P007');

-- Supplier
insert into public.suppliers (id, org_id, name, phone, terms, lead_time_days) values ('40c8053d-c3ad-55a3-8e6b-39dd61066353','00000000-0000-0000-0000-000000000001','الدلتا للأسمدة','+201111111111','آجل 30 يوم',5);

-- 6 inventory items + materialized inventory_bin snapshots (on_hand matches §9).
insert into public.inventory_items (id, org_id, name, category, unit, pack_size, min_stock, safety_stock, lead_time_days, preferred_supplier_id, criticality) values ('39e22867-fbe2-5cd9-8a76-ce5871a8e8f4','00000000-0000-0000-0000-000000000001','سلفات بوتاسيوم','أسمدة','kg',50,200,74,5,'40c8053d-c3ad-55a3-8e6b-39dd61066353','high');
insert into public.inventory_items (id, org_id, name, category, unit, pack_size, min_stock, safety_stock, lead_time_days, preferred_supplier_id, criticality) values ('761c43f2-011b-598b-80cf-96abc48881cb','00000000-0000-0000-0000-000000000001','يوريا','أسمدة','kg',50,200,60,5,'40c8053d-c3ad-55a3-8e6b-39dd61066353','normal');
insert into public.inventory_items (id, org_id, name, category, unit, pack_size, min_stock, safety_stock, lead_time_days, preferred_supplier_id, criticality) values ('21f793b6-58f8-5607-9b0b-49581ae52b27','00000000-0000-0000-0000-000000000001','مبيد فطري','مبيدات','L',1,15,10,7,'40c8053d-c3ad-55a3-8e6b-39dd61066353','normal');
insert into public.inventory_items (id, org_id, name, category, unit, pack_size, min_stock, safety_stock, lead_time_days, preferred_supplier_id, criticality) values ('de09e375-199a-5801-9726-e31ca12dccae','00000000-0000-0000-0000-000000000001','كرتون تعبئة','مستلزمات تعبئة','قطعة',100,500,150,10,'40c8053d-c3ad-55a3-8e6b-39dd61066353','normal');
insert into public.inventory_items (id, org_id, name, category, unit, pack_size, min_stock, safety_stock, lead_time_days, preferred_supplier_id, criticality) values ('b944b038-23d1-5718-b1cd-2ea671f657b9','00000000-0000-0000-0000-000000000001','سولار','وقود','L',1,400,200,3,'40c8053d-c3ad-55a3-8e6b-39dd61066353','high');
insert into public.inventory_items (id, org_id, name, category, unit, pack_size, min_stock, safety_stock, lead_time_days, preferred_supplier_id, criticality) values ('9987555b-4236-50e3-8fbf-50d7287aa6e0','00000000-0000-0000-0000-000000000001','فرمون السوسة','مكافحة','قطعة',1,20,8,7,'40c8053d-c3ad-55a3-8e6b-39dd61066353','normal');
-- unit_cost (#89, Option C): only potassium sulfate has a KNOWN real price (~84 ج.م/kg, Ebeid) —
-- set it so the wedge demo keeps a real est_cost on the shortage PR. The other 5 items' prices are
-- genuinely unknown, so unit_cost stays NULL (no fabricated constant — non-negotiable #1).
update public.inventory_items set unit_cost = 84 where id = '39e22867-fbe2-5cd9-8a76-ce5871a8e8f4';
insert into public.inventory_bin (org_id, item_id, location, on_hand, reserved, ordered, projected) values ('00000000-0000-0000-0000-000000000001','39e22867-fbe2-5cd9-8a76-ce5871a8e8f4','main',300,0,0,300);
insert into public.inventory_bin (org_id, item_id, location, on_hand, reserved, ordered, projected) values ('00000000-0000-0000-0000-000000000001','761c43f2-011b-598b-80cf-96abc48881cb','main',140,0,0,140);
insert into public.inventory_bin (org_id, item_id, location, on_hand, reserved, ordered, projected) values ('00000000-0000-0000-0000-000000000001','21f793b6-58f8-5607-9b0b-49581ae52b27','main',22,0,0,22);
insert into public.inventory_bin (org_id, item_id, location, on_hand, reserved, ordered, projected) values ('00000000-0000-0000-0000-000000000001','de09e375-199a-5801-9726-e31ca12dccae','main',420,0,0,420);
insert into public.inventory_bin (org_id, item_id, location, on_hand, reserved, ordered, projected) values ('00000000-0000-0000-0000-000000000001','b944b038-23d1-5718-b1cd-2ea671f657b9','main',850,0,0,850);
insert into public.inventory_bin (org_id, item_id, location, on_hand, reserved, ordered, projected) values ('00000000-0000-0000-0000-000000000001','9987555b-4236-50e3-8fbf-50d7287aa6e0','main',30,0,0,30);

-- Opening-balance receipts so Σ(movements) per item == inventory_bin.on_hand (SC-6).
insert into public.inventory_movements (org_id, item_id, type, qty, unit, location, occurred_at, supplier_id) values ('00000000-0000-0000-0000-000000000001','39e22867-fbe2-5cd9-8a76-ce5871a8e8f4','receipt',300,'kg','main','2025-06-01','40c8053d-c3ad-55a3-8e6b-39dd61066353');
insert into public.inventory_movements (org_id, item_id, type, qty, unit, location, occurred_at, supplier_id) values ('00000000-0000-0000-0000-000000000001','761c43f2-011b-598b-80cf-96abc48881cb','receipt',140,'kg','main','2025-06-01','40c8053d-c3ad-55a3-8e6b-39dd61066353');
insert into public.inventory_movements (org_id, item_id, type, qty, unit, location, occurred_at, supplier_id) values ('00000000-0000-0000-0000-000000000001','21f793b6-58f8-5607-9b0b-49581ae52b27','receipt',22,'L','main','2025-06-01','40c8053d-c3ad-55a3-8e6b-39dd61066353');
insert into public.inventory_movements (org_id, item_id, type, qty, unit, location, occurred_at, supplier_id) values ('00000000-0000-0000-0000-000000000001','de09e375-199a-5801-9726-e31ca12dccae','receipt',420,'قطعة','main','2025-06-01','40c8053d-c3ad-55a3-8e6b-39dd61066353');
insert into public.inventory_movements (org_id, item_id, type, qty, unit, location, occurred_at, supplier_id) values ('00000000-0000-0000-0000-000000000001','b944b038-23d1-5718-b1cd-2ea671f657b9','receipt',850,'L','main','2025-06-01','40c8053d-c3ad-55a3-8e6b-39dd61066353');
insert into public.inventory_movements (org_id, item_id, type, qty, unit, location, occurred_at, supplier_id) values ('00000000-0000-0000-0000-000000000001','9987555b-4236-50e3-8fbf-50d7287aa6e0','receipt',30,'قطعة','main','2025-06-01','40c8053d-c3ad-55a3-8e6b-39dd61066353');

-- Monthly plan for الحصوة (period 2025-07) with 3 operations.
insert into public.plans (id, org_id, type, period_start, period_end, scope_type, scope_id, status) values ('5d5d302e-c385-5d0b-94f5-3dc2c9948e79','00000000-0000-0000-0000-000000000001','monthly','2025-07-01','2025-07-31','sector','2aa10e7e-d6fe-5f6b-88f0-1c3c01bc1d23','active');
insert into public.plan_operations (id, org_id, plan_id, subtype, target_type, target_id, planned_at, priority, responsible_person_id, est_cost, approval_needed, status) values ('37c9cce6-6ec4-570a-97a4-b263e2faf5d0','00000000-0000-0000-0000-000000000001','5d5d302e-c385-5d0b-94f5-3dc2c9948e79','fertilization','sector','2aa10e7e-d6fe-5f6b-88f0-1c3c01bc1d23','2025-07-08',1,'51a562a7-958b-5ef7-ab2c-276895b984f9',42000,true,'planned');
insert into public.plan_operations (id, org_id, plan_id, subtype, target_type, target_id, planned_at, priority, responsible_person_id, est_cost, approval_needed, status) values ('51c53834-b97d-58fa-8721-3b4c269c7633','00000000-0000-0000-0000-000000000001','5d5d302e-c385-5d0b-94f5-3dc2c9948e79','irrigation','sector','2aa10e7e-d6fe-5f6b-88f0-1c3c01bc1d23','2025-07-03',2,'51a562a7-958b-5ef7-ab2c-276895b984f9',8000,false,'planned');
insert into public.plan_operations (id, org_id, plan_id, subtype, target_type, target_id, planned_at, priority, responsible_person_id, est_cost, approval_needed, status) values ('9175e5ce-3b3c-582d-8bd3-f23c6cc6f119','00000000-0000-0000-0000-000000000001','5d5d302e-c385-5d0b-94f5-3dc2c9948e79','inspection','sector','2aa10e7e-d6fe-5f6b-88f0-1c3c01bc1d23','2025-07-15',3,'51a562a7-958b-5ef7-ab2c-276895b984f9',1500,false,'planned');

-- The fertilization op needs 500 kg سلفات بوتاسيوم -> shortage vs 300 on hand (the wedge).
insert into public.plan_material_requirements (id, org_id, plan_op_id, item_id, qty, unit) values ('25277960-cc23-539d-aa8c-76b8dd0d3733','00000000-0000-0000-0000-000000000001','37c9cce6-6ec4-570a-97a4-b263e2faf5d0','39e22867-fbe2-5cd9-8a76-ce5871a8e8f4',500,'kg');
insert into public.plan_labor_requirements (id, org_id, plan_op_id, person_or_team, count, days) values ('05fbbb36-bfc5-5b22-b258-71c6d46ea43c','00000000-0000-0000-0000-000000000001','37c9cce6-6ec4-570a-97a4-b263e2faf5d0','عمالة موسمية',4,1);

-- plan_checks: stock=block (shortage), budget=warn (low), weather=ok (always in MVP-0), labor/responsibility=ok.
insert into public.plan_checks (id, org_id, plan_id, kind, result, detail) values ('a0bdc800-ff37-508f-8749-f9a594cc5d83','00000000-0000-0000-0000-000000000001','5d5d302e-c385-5d0b-94f5-3dc2c9948e79','stock','block','{"item":"سلفات بوتاسيوم","need":500,"available":300,"shortfall":200,"lead_days":5,"coverage_days":4.2}'::jsonb);
insert into public.plan_checks (id, org_id, plan_id, kind, result, detail) values ('03e858dd-43c4-51a7-86fb-d4fd4be44730','00000000-0000-0000-0000-000000000001','5d5d302e-c385-5d0b-94f5-3dc2c9948e79','budget','warn','{"category":"أسمدة","available":60000,"this_op":42000,"utilization_pct":87}'::jsonb);
insert into public.plan_checks (id, org_id, plan_id, kind, result, detail) values ('25e4208a-3012-569f-a2c4-73217213c809','00000000-0000-0000-0000-000000000001','5d5d302e-c385-5d0b-94f5-3dc2c9948e79','weather','ok','{"note":"weather engine deferred in MVP-0; always passes"}'::jsonb);
insert into public.plan_checks (id, org_id, plan_id, kind, result, detail) values ('6b9ffba2-155f-5d07-a08a-9145ef7f44f5','00000000-0000-0000-0000-000000000001','5d5d302e-c385-5d0b-94f5-3dc2c9948e79','labor','ok','{"required":4,"available":true}'::jsonb);
insert into public.plan_checks (id, org_id, plan_id, kind, result, detail) values ('c7f24842-36df-50c7-b246-f455a99f81e3','00000000-0000-0000-0000-000000000001','5d5d302e-c385-5d0b-94f5-3dc2c9948e79','responsibility','ok','{"manager":"عبد الجليل أسامة"}'::jsonb);

-- 2025 budget + lines. أسمدة: planned 1,000,000, actual 870,000, committed 70,000 -> available 60,000;
-- the 42,000 fertilization op pushes أسمدة over its comfort threshold (the budget breach).
insert into public.budgets (id, org_id, name, period, scope_type, scope_id, category, planned, approved, committed, actual, status) values ('5dda5a95-ea38-58a5-9593-b06faa50d37b','00000000-0000-0000-0000-000000000001','موازنة 2025','2025','farm','bd7ff67d-1af9-573b-bbac-029ecae01f8f','تشغيل',2800000,2800000,140000,2270000,'active');
insert into public.budget_lines (id, org_id, budget_id, category, planned, approved, committed, actual) values ('ab83f2a4-9ce0-5b28-9b3e-f02f83574644','00000000-0000-0000-0000-000000000001','5dda5a95-ea38-58a5-9593-b06faa50d37b','أسمدة',1000000,1000000,70000,870000);
insert into public.budget_lines (id, org_id, budget_id, category, planned, approved, committed, actual) values ('c6deea25-2afb-5ca4-ae05-204fc882307c','00000000-0000-0000-0000-000000000001','5dda5a95-ea38-58a5-9593-b06faa50d37b','ري ووقود',400000,400000,40000,300000);
insert into public.budget_lines (id, org_id, budget_id, category, planned, approved, committed, actual) values ('e569b48e-57c6-558f-9f8e-8db1e2e2dd48','00000000-0000-0000-0000-000000000001','5dda5a95-ea38-58a5-9593-b06faa50d37b','عمالة',1400000,1400000,30000,1100000);

-- Responsibility: manager accountable for الحصوة sector (auto-routing substrate).
insert into public.responsibility_assignments (id, org_id, person_id, scope_type, scope_id, responsibility_type) values ('29c87f5a-bf74-57c5-a996-8cb44c221c04','00000000-0000-0000-0000-000000000001','51a562a7-958b-5ef7-ab2c-276895b984f9','sector','2aa10e7e-d6fe-5f6b-88f0-1c3c01bc1d23','accountable_manager');

-- GoTrue compatibility: the bulk inserts above leave several auth.users token
-- columns NULL, which GoTrue's Go scanner cannot read back (breaks signin AND
-- the admin listUsers query). Coalesce them to empty strings so the seeded
-- users are loadable. (Programmatic email+password sign-in is set up at runtime
-- by lib/seed-auth.ts / the e2e global-setup, which relink these people rows to
-- freshly-minted auth users.)
update auth.users set
  confirmation_token        = coalesce(confirmation_token, ''),
  recovery_token            = coalesce(recovery_token, ''),
  email_change_token_new    = coalesce(email_change_token_new, ''),
  email_change              = coalesce(email_change, ''),
  email_change_token_current= coalesce(email_change_token_current, ''),
  phone_change              = coalesce(phone_change, ''),
  phone_change_token        = coalesce(phone_change_token, ''),
  reauthentication_token    = coalesce(reauthentication_token, '');

reset session_replication_role;

-- End Ebeid seed.
